<?xml version="1.0" encoding="UTF-8" standalone="no"?>
<catalog prefer="public" xmlns="urn:oasis:names:tc:entity:xmlns:xml:catalog">
    <group id="Folder Repository, directory=, recursive=true, Auto-Update=true, version=1" prefer="public" xml:base="">
        <uri id="Automatically generated entry, Timestamp=1301495157531" name="http://141.89.100.105/owl2/arrau.owl" uri="is-poesio.owl"/>
        <uri id="Automatically generated entry, Timestamp=1301495157531" name="http://141.89.100.105/owl/stuttgart-is.owl" uri="is-stuttgart.owl"/>
        <uri id="Automatically generated entry, Timestamp=1301495157531" name="file:///C:/Users/Christian/Desktop/onto/owl/experimental/multext-east/multext-east.owl" uri="olia-is.owl"/>
        <uri id="Automatically generated entry, Timestamp=1301495157531" name="http://141.89.100.105/owl/pocos.owl" uri="pocos.owl"/>
        <uri id="Automatically generated entry, Timestamp=1301495157531" name="http://141.89.100.105/owl-experimental/sfb632-InfoStruct.owl" uri="sfb632-InfoStruct.owl"/>
        <uri id="Automatically generated entry, Timestamp=1301495157531" name="file:///C:/Users/Christian/Desktop/onto/owl/experimental/multext-east/multext-east.owl" uri="nachhalt_owl/olia-is.owl"/>
        <uri id="Automatically generated entry, Timestamp=1367030175085" name="http://purl.org/olia/coref-tueba.owl" uri="coref-tueba.owl"/>
    </group>
</catalog>
